<?xml version="1.0" encoding="UTF-8"?>
<!DOCTYPE plist PUBLIC "-//Apple//DTD PLIST 1.0//EN" "http://www.apple.com/DTDs/PropertyList-1.0.dtd">
<plist version="1.0">
<dict>
	<key>LayoutID</key>
	<integer>11</integer>
	<key>PathMapRef</key>
	<array>
		<dict>
			<key>CodecID</key>
			<array>
				<integer>283904153</integer>
			</array>
			<key>Inputs</key>
			<array>
				<string>Mic</string>
				<string>LineIn</string>
			</array>
			<key>IntSpeaker</key>
			<dict>
				<key>AmpPostDelay</key>
				<integer>100</integer>
				<key>AmpPreDelay</key>
				<integer>100</integer>
				<key>DefaultVolume</key>
				<integer>4293722112</integer>
				<key>MaximumBootBeepValue</key>
				<integer>52</integer>
				<key>MuteGPIO</key>
				<integer>0</integer>
				<key>SignalProcessing</key>
				<dict>
					<key>SoftwareDSP</key>
					<dict>
						<key>DspFunction0</key>
						<dict>
							<key>FunctionInfo</key>
							<dict>
								<key>DspFuncInstance</key>
								<integer>0</integer>
								<key>DspFuncName</key>
								<string>DspEqualization32</string>
								<key>DspFuncProcessingIndex</key>
								<integer>0</integer>
							</dict>
							<key>ParameterInfo</key>
							<dict>
								<key>1</key>
								<integer>0</integer>
								<key>9</key>
								<integer>0</integer>
								<key>Filter</key>
								<array>
									<dict>
										<key>2</key>
										<integer>2</integer>
										<key>3</key>
										<integer>0</integer>
										<key>4</key>
										<integer>0</integer>
										<key>5</key>
										<integer>1</integer>
										<key>6</key>
										<integer>1111497458</integer>
										<key>7</key>
										<integer>1060439283</integer>
										<key>8</key>
										<integer>-1069504319</integer>
									</dict>
									<dict>
										<key>2</key>
										<integer>2</integer>
										<key>3</key>
										<integer>1</integer>
										<key>4</key>
										<integer>0</integer>
										<key>5</key>
										<integer>1</integer>
										<key>6</key>
										<integer>1113739479</integer>
										<key>7</key>
										<integer>1060439283</integer>
										<key>8</key>
										<integer>-1069504319</integer>
									</dict>
									<dict>
										<key>2</key>
										<integer>2</integer>
										<key>3</key>
										<integer>2</integer>
										<key>4</key>
										<integer>0</integer>
										<key>5</key>
										<integer>1</integer>
										<key>6</key>
										<integer>1107617038</integer>
										<key>7</key>
										<integer>1060439283</integer>
										<key>8</key>
										<integer>-1069504319</integer>
									</dict>
									<dict>
										<key>2</key>
										<integer>2</integer>
										<key>3</key>
										<integer>3</integer>
										<key>4</key>
										<integer>0</integer>
										<key>5</key>
										<integer>1</integer>
										<key>6</key>
										<integer>1102074071</integer>
										<key>7</key>
										<integer>1060439283</integer>
										<key>8</key>
										<integer>-1069504319</integer>
									</dict>
									<dict>
										<key>2</key>
										<integer>2</integer>
										<key>3</key>
										<integer>4</integer>
										<key>4</key>
										<integer>0</integer>
										<key>5</key>
										<integer>4</integer>
										<key>6</key>
										<integer>1130904737</integer>
										<key>7</key>
										<integer>1095839619</integer>
										<key>8</key>
										<integer>-1061325794</integer>
									</dict>
									<dict>
										<key>2</key>
										<integer>2</integer>
										<key>3</key>
										<integer>9</integer>
										<key>4</key>
										<integer>0</integer>
										<key>5</key>
										<integer>4</integer>
										<key>6</key>
										<integer>1134497726</integer>
										<key>7</key>
										<integer>1087084869</integer>
										<key>8</key>
										<integer>-1072785033</integer>
									</dict>
									<dict>
										<key>2</key>
										<integer>2</integer>
										<key>3</key>
										<integer>24</integer>
										<key>4</key>
										<integer>0</integer>
										<key>5</key>
										<integer>6</integer>
										<key>6</key>
										<integer>1183030795</integer>
										<key>7</key>
										<integer>1107740340</integer>
										<key>8</key>
										<integer>0</integer>
									</dict>
								</array>
							</dict>
							<key>PatchbayInfo</key>
							<dict/>
						</dict>
						<key>DspFunction1</key>
						<dict>
							<key>FunctionInfo</key>
							<dict>
								<key>DspFuncInstance</key>
								<integer>1</integer>
								<key>DspFuncName</key>
								<string>DspVirtualization</string>
								<key>DspFuncProcessingIndex</key>
								<integer>1</integer>
							</dict>
							<key>ParameterInfo</key>
							<dict>
								<key>1</key>
								<integer>0</integer>
								<key>10</key>
								<integer>0</integer>
								<key>11</key>
								<integer>1</integer>
								<key>12</key>
								<integer>-1060850508</integer>
								<key>13</key>
								<integer>-1039948378</integer>
								<key>14</key>
								<integer>10</integer>
								<key>15</key>
								<integer>210</integer>
								<key>16</key>
								<integer>-1047049396</integer>
								<key>17</key>
								<integer>5</integer>
								<key>18</key>
								<integer>182</integer>
								<key>19</key>
								<integer>418</integer>
								<key>2</key>
								<integer>0</integer>
								<key>20</key>
								<integer>-1051567526</integer>
								<key>21</key>
								<integer>3</integer>
								<key>22</key>
								<integer>1633</integer>
								<key>23</key>
								<integer>4033</integer>
								<key>24</key>
								<integer>-1047697047</integer>
								<key>25</key>
								<integer>4003</integer>
								<key>26</key>
								<integer>9246</integer>
								<key>27</key>
								<integer>153</integer>
								<key>28</key>
								<integer>1061393299</integer>
								<key>29</key>
								<integer>0</integer>
								<key>3</key>
								<integer>-1076949235</integer>
								<key>30</key>
								<integer>-1048128813</integer>
								<key>31</key>
								<integer>982552730</integer>
								<key>32</key>
								<integer>16</integer>
								<key>33</key>
								<integer>-1063441106</integer>
								<key>34</key>
								<integer>1008902816</integer>
								<key>35</key>
								<integer>4</integer>
								<key>36</key>
								<integer>-1059986974</integer>
								<key>37</key>
								<integer>0</integer>
								<key>38</key>
								<integer>234</integer>
								<key>39</key>
								<integer>1</integer>
								<key>4</key>
								<integer>-1094466626</integer>
								<key>40</key>
								<integer>-1047912930</integer>
								<key>41</key>
								<integer>1022423360</integer>
								<key>42</key>
								<integer>0</integer>
								<key>43</key>
								<data>
								RSWWvHa0y7xk
								1B68zLkYvBRE
								+Tvd8kM6usKs
								PEA8jDwkap48
								utYFvM8p7LyL
								F867Tg/ku9Uh
								FD3lKnO8yFQI
								Pc/PoLzKPoE9
								VliZvVAiGD1D
								Ua692FG0PaD8
								kb1s7dW8Cvd1
								P4AH1rx9+ZG9
								hGC0PYMirr06
								lRg9rRuZvShf
								gT0Kz6C8SkAI
								PbC7c7yNMxQ9
								0sniu9BQy7uM
								Ieu8wK0EvN4b
								nzwcZ4o8Xuer
								PN1Lhzk6gfk7
								OnQgvG5lGrzU
								Rc+8ogiRvJL8
								ELwRvBg8qQGU
								PM4QWzzNMaQ7
								QlzSu3iKYbsK
								SbK7kk/tuhTx
								lruJRKu6DVSw
								ORAuiLrWfoA6
								Hp+ZOAAAAAAA
								AAAAAAAAAAAA
								AAAAAAAAAAAA
								AAAAAAAAAAAA
								AAAAAAAAAAAA
								AAAAAAAAAAAA
								AAAAAAAAAAAA
								AAAAAAAAAAAA
								AAAAAAAAAAAA
								AAAAAAAAAAAA
								AAAAAAAAAAAA
								AAAAAAAAAAAA
								AAAAAAAAAAAA
								AAAAAAAAAAAA
								AAAAAAAAAAAA
								AAAAAAAAAAAA
								AAAAAAAAAAAA
								AAAAAAAAAAAA
								AAAAAAAAAAAA
								AAAAAAAAAAAA
								AAAAAAAAAAAA
								AAAAAAAAAAAA
								AAAAAAAAAAAA
								AAAAAAAAAAAA
								AAAAAAAAAAAA
								AAAAAAAAAAAA
								AAAAAAAAAAAA
								AAAAAAAAAAAA
								AAAAAAAAAACa
								srC7Y0/Tu/+3
								lLv0l7I5r0ST
								O4dM6DtPRRM8
								zbj/O+Y2ijtW
								lU67mDwmvK2+
								GLyKIpu7Sp34
								um8TZDkTvp+7
								UZuaOWcGRTrf
								22i7D3MfPOY9
								aTyK8oA94CaQ
								Pc3Y2z0d9Ik+
								N3BQPv60hz28
								u6M975E8PZYj
								DT2eVgk9Xp1G
								PfiKqz3S4U49
								E7QoPZLzJj3+
								XNg8D5bCPMiR
								lTyuLAM9dBEc
								PTXIDT0m1xE9
								o7/NPE+Cazye
								/qw7Xhdjuyen
								1LtqMOG7/Eo9
								uxlBXDt1St07
								kpvdO/gnTjt2
								Fp+6TB9fu5za
								ebsv4Eq7A5TZ
								uitNbDdKjzU6
								P09zOCMxIrpt
								VnS6N9iquxzN
								uLtj5XC7lxMi
								Oe/WVDsBH407
								KMBOO9ILWDn1
								ciO7L+CmuyDt
								3bue4My7DhNp
								u0im9jqJ+8E7
								SMSkOz/fcTuD
								/q46618ZO3Wr
								lDvWWeQ6c5P0
								O7L/zjvkHyw8
								jTzBO4rc27wJ
								i9C8CA22vV/0
								Mb4d7eO9Z36A
								vVu0gr1iViO9
								JtsOvYwn8rw1
								AkS9UTJzvQ2W
								Kb22Niu9aQQT
								vU2n3rzvEbC8
								mcWGvHkexLz8
								tKu86dpLvOic
								NbzF2eK7zCAv
								u2TPYTpu+pw7
								oyjHO5aduDv6
								0iA7afr8uq46
								j7sjqZK7q6Ae
								uxms8bjz6Ks6
								MH/gOstk3jra
								8q86emMsOkUl
								lrx2tMu8ZNQe
								vMy5GLwURPk7
								3fJDOrrCrDxA
								PIw8JGqePLrW
								BbzPKey8ixfO
								u04P5LvVIRQ9
								5SpzvMhUCD3P
								z6C8yj6BPVZY
								mb1QIhg9Q1Gu
								vdhRtD2g/JG9
								bO3VvAr3dT+A
								B9a8ffmRvYRg
								tD2DIq69OpUY
								Pa0bmb0oX4E9
								Cs+gvEpACD2w
								u3O8jTMUPdLJ
								4rvQUMu7jCHr
								vMCtBLzeG588
								HGeKPF7nqzzd
								S4c5OoH5Ozp0
								ILxuZRq81EXP
								vKIIkbyS/BC8
								EbwYPKkBlDzO
								EFs8zTGkO0Jc
								0rt4imG7Ckmy
								u5JP7boU8Za7
								iUSrug1UsDkQ
								Loi61n6AOh6f
								mTg=
								</data>
								<key>5</key>
								<integer>-1064304640</integer>
								<key>6</key>
								<integer>0</integer>
								<key>7</key>
								<integer>0</integer>
								<key>8</key>
								<integer>0</integer>
								<key>9</key>
								<integer>0</integer>
							</dict>
							<key>PatchbayInfo</key>
							<dict>
								<key>InputPort0</key>
								<dict>
									<key>PortInstance</key>
									<integer>0</integer>
									<key>PortWidth</key>
									<integer>1</integer>
									<key>SourceFuncInstance</key>
									<integer>0</integer>
									<key>SourcePortIndex</key>
									<integer>0</integer>
								</dict>
								<key>InputPort1</key>
								<dict>
									<key>PortInstance</key>
									<integer>1</integer>
									<key>PortWidth</key>
									<integer>1</integer>
									<key>SourceFuncInstance</key>
									<integer>0</integer>
									<key>SourcePortIndex</key>
									<integer>1</integer>
								</dict>
							</dict>
						</dict>
						<key>DspFunction10</key>
						<dict>
							<key>FunctionInfo</key>
							<dict>
								<key>DspFuncInstance</key>
								<integer>10</integer>
								<key>DspFuncName</key>
								<string>Dsp3ChOutput</string>
								<key>DspFuncProcessingIndex</key>
								<integer>10</integer>
							</dict>
							<key>ParameterInfo</key>
							<dict>
								<key>1</key>
								<integer>0</integer>
								<key>10</key>
								<integer>0</integer>
								<key>11</key>
								<integer>0</integer>
								<key>12</key>
								<integer>0</integer>
								<key>14</key>
								<integer>1073819211</integer>
								<key>15</key>
								<integer>1073819211</integer>
								<key>16</key>
								<integer>1073819211</integer>
								<key>2</key>
								<integer>0</integer>
								<key>3</key>
								<integer>0</integer>
								<key>4</key>
								<integer>1043084177</integer>
								<key>6</key>
								<integer>0</integer>
								<key>7</key>
								<integer>0</integer>
								<key>8</key>
								<integer>0</integer>
							</dict>
							<key>PatchbayInfo</key>
							<dict>
								<key>InputPort0</key>
								<dict>
									<key>PortInstance</key>
									<integer>0</integer>
									<key>PortWidth</key>
									<integer>1</integer>
									<key>SourceFuncInstance</key>
									<integer>8</integer>
									<key>SourcePortIndex</key>
									<integer>0</integer>
								</dict>
								<key>InputPort1</key>
								<dict>
									<key>PortInstance</key>
									<integer>1</integer>
									<key>PortWidth</key>
									<integer>1</integer>
									<key>SourceFuncInstance</key>
									<integer>8</integer>
									<key>SourcePortIndex</key>
									<integer>1</integer>
								</dict>
								<key>InputPort2</key>
								<dict>
									<key>PortInstance</key>
									<integer>2</integer>
									<key>PortWidth</key>
									<integer>1</integer>
									<key>SourceFuncInstance</key>
									<integer>9</integer>
									<key>SourcePortIndex</key>
									<integer>0</integer>
								</dict>
								<key>InputPort3</key>
								<dict>
									<key>PortInstance</key>
									<integer>3</integer>
									<key>PortWidth</key>
									<integer>1</integer>
									<key>SourceFuncInstance</key>
									<integer>9</integer>
									<key>SourcePortIndex</key>
									<integer>1</integer>
								</dict>
							</dict>
						</dict>
						<key>DspFunction2</key>
						<dict>
							<key>FunctionInfo</key>
							<dict>
								<key>DspFuncInstance</key>
								<integer>2</integer>
								<key>DspFuncName</key>
								<string>DspEqualization32</string>
								<key>DspFuncProcessingIndex</key>
								<integer>2</integer>
							</dict>
							<key>ParameterInfo</key>
							<dict>
								<key>1</key>
								<integer>0</integer>
								<key>9</key>
								<integer>0</integer>
								<key>Filter</key>
								<array>
									<dict>
										<key>2</key>
										<integer>2</integer>
										<key>3</key>
										<integer>0</integer>
										<key>4</key>
										<integer>0</integer>
										<key>5</key>
										<integer>1</integer>
										<key>6</key>
										<integer>1120230993</integer>
										<key>7</key>
										<integer>1060160268</integer>
										<key>8</key>
										<integer>-1068637246</integer>
									</dict>
									<dict>
										<key>2</key>
										<integer>2</integer>
										<key>3</key>
										<integer>1</integer>
										<key>4</key>
										<integer>0</integer>
										<key>5</key>
										<integer>1</integer>
										<key>6</key>
										<integer>1114105964</integer>
										<key>7</key>
										<integer>1060439283</integer>
										<key>8</key>
										<integer>-1069504319</integer>
									</dict>
									<dict>
										<key>2</key>
										<integer>2</integer>
										<key>3</key>
										<integer>2</integer>
										<key>4</key>
										<integer>0</integer>
										<key>5</key>
										<integer>1</integer>
										<key>6</key>
										<integer>1110548911</integer>
										<key>7</key>
										<integer>1060439283</integer>
										<key>8</key>
										<integer>-1069504319</integer>
									</dict>
									<dict>
										<key>2</key>
										<integer>2</integer>
										<key>3</key>
										<integer>3</integer>
										<key>4</key>
										<integer>0</integer>
										<key>5</key>
										<integer>1</integer>
										<key>6</key>
										<integer>1105264640</integer>
										<key>7</key>
										<integer>1060439283</integer>
										<key>8</key>
										<integer>-1069504319</integer>
									</dict>
									<dict>
										<key>2</key>
										<integer>2</integer>
										<key>3</key>
										<integer>4</integer>
										<key>4</key>
										<integer>0</integer>
										<key>5</key>
										<integer>4</integer>
										<key>6</key>
										<integer>1147235974</integer>
										<key>7</key>
										<integer>1096325049</integer>
										<key>8</key>
										<integer>-1087159146</integer>
									</dict>
									<dict>
										<key>2</key>
										<integer>2</integer>
										<key>3</key>
										<integer>5</integer>
										<key>4</key>
										<integer>0</integer>
										<key>5</key>
										<integer>4</integer>
										<key>6</key>
										<integer>1136886945</integer>
										<key>7</key>
										<integer>1088193924</integer>
										<key>8</key>
										<integer>-1066910782</integer>
									</dict>
									<dict>
										<key>2</key>
										<integer>2</integer>
										<key>3</key>
										<integer>6</integer>
										<key>4</key>
										<integer>0</integer>
										<key>5</key>
										<integer>4</integer>
										<key>6</key>
										<integer>1128619601</integer>
										<key>7</key>
										<integer>1087350440</integer>
										<key>8</key>
										<integer>-1081440652</integer>
									</dict>
									<dict>
										<key>2</key>
										<integer>2</integer>
										<key>3</key>
										<integer>7</integer>
										<key>4</key>
										<integer>0</integer>
										<key>5</key>
										<integer>4</integer>
										<key>6</key>
										<integer>1157222277</integer>
										<key>7</key>
										<integer>1091164447</integer>
										<key>8</key>
										<integer>-1068512851</integer>
									</dict>
									<dict>
										<key>2</key>
										<integer>2</integer>
										<key>3</key>
										<integer>8</integer>
										<key>4</key>
										<integer>0</integer>
										<key>5</key>
										<integer>4</integer>
										<key>6</key>
										<integer>1138665472</integer>
										<key>7</key>
										<integer>1090199894</integer>
										<key>8</key>
										<integer>-1057320623</integer>
									</dict>
									<dict>
										<key>2</key>
										<integer>2</integer>
										<key>3</key>
										<integer>9</integer>
										<key>4</key>
										<integer>0</integer>
										<key>5</key>
										<integer>4</integer>
										<key>6</key>
										<integer>1140201472</integer>
										<key>7</key>
										<integer>1089833454</integer>
										<key>8</key>
										<integer>-1072251010</integer>
									</dict>
									<dict>
										<key>2</key>
										<integer>2</integer>
										<key>3</key>
										<integer>10</integer>
										<key>4</key>
										<integer>0</integer>
										<key>5</key>
										<integer>4</integer>
										<key>6</key>
										<integer>1135512630</integer>
										<key>7</key>
										<integer>1099792396</integer>
										<key>8</key>
										<integer>-1072251010</integer>
									</dict>
									<dict>
										<key>2</key>
										<integer>2</integer>
										<key>3</key>
										<integer>11</integer>
										<key>4</key>
										<integer>0</integer>
										<key>5</key>
										<integer>4</integer>
										<key>6</key>
										<integer>1141314290</integer>
										<key>7</key>
										<integer>1092114722</integer>
										<key>8</key>
										<integer>-1057320623</integer>
									</dict>
									<dict>
										<key>2</key>
										<integer>2</integer>
										<key>3</key>
										<integer>12</integer>
										<key>4</key>
										<integer>0</integer>
										<key>5</key>
										<integer>4</integer>
										<key>6</key>
										<integer>1142223764</integer>
										<key>7</key>
										<integer>1089568764</integer>
										<key>8</key>
										<integer>-1072785033</integer>
									</dict>
									<dict>
										<key>2</key>
										<integer>2</integer>
										<key>3</key>
										<integer>13</integer>
										<key>4</key>
										<integer>0</integer>
										<key>5</key>
										<integer>4</integer>
										<key>6</key>
										<integer>1143032185</integer>
										<key>7</key>
										<integer>1077146883</integer>
										<key>8</key>
										<integer>-1081440652</integer>
									</dict>
									<dict>
										<key>2</key>
										<integer>2</integer>
										<key>3</key>
										<integer>14</integer>
										<key>4</key>
										<integer>0</integer>
										<key>5</key>
										<integer>4</integer>
										<key>6</key>
										<integer>1145639343</integer>
										<key>7</key>
										<integer>1095277979</integer>
										<key>8</key>
										<integer>-1081440652</integer>
									</dict>
									<dict>
										<key>2</key>
										<integer>2</integer>
										<key>3</key>
										<integer>15</integer>
										<key>4</key>
										<integer>0</integer>
										<key>5</key>
										<integer>4</integer>
										<key>6</key>
										<integer>1169921416</integer>
										<key>7</key>
										<integer>1094718988</integer>
										<key>8</key>
										<integer>-1080372607</integer>
									</dict>
									<dict>
										<key>2</key>
										<integer>2</integer>
										<key>3</key>
										<integer>16</integer>
										<key>4</key>
										<integer>0</integer>
										<key>5</key>
										<integer>4</integer>
										<key>6</key>
										<integer>1161433139</integer>
										<key>7</key>
										<integer>1090921657</integer>
										<key>8</key>
										<integer>-1062126828</integer>
									</dict>
									<dict>
										<key>2</key>
										<integer>2</integer>
										<key>3</key>
										<integer>17</integer>
										<key>4</key>
										<integer>0</integer>
										<key>5</key>
										<integer>4</integer>
										<key>6</key>
										<integer>1165741360</integer>
										<key>7</key>
										<integer>1076442225</integer>
										<key>8</key>
										<integer>-1080372607</integer>
									</dict>
									<dict>
										<key>2</key>
										<integer>2</integer>
										<key>3</key>
										<integer>18</integer>
										<key>4</key>
										<integer>0</integer>
										<key>5</key>
										<integer>4</integer>
										<key>6</key>
										<integer>1175093878</integer>
										<key>7</key>
										<integer>1085125442</integer>
										<key>8</key>
										<integer>-1079304561</integer>
									</dict>
									<dict>
										<key>2</key>
										<integer>2</integer>
										<key>3</key>
										<integer>19</integer>
										<key>4</key>
										<integer>0</integer>
										<key>5</key>
										<integer>4</integer>
										<key>6</key>
										<integer>1178371166</integer>
										<key>7</key>
										<integer>1089769695</integer>
										<key>8</key>
										<integer>-1061859817</integer>
									</dict>
									<dict>
										<key>2</key>
										<integer>2</integer>
										<key>3</key>
										<integer>20</integer>
										<key>4</key>
										<integer>0</integer>
										<key>5</key>
										<integer>4</integer>
										<key>6</key>
										<integer>1167858775</integer>
										<key>7</key>
										<integer>1093631170</integer>
										<key>8</key>
										<integer>-1070114919</integer>
									</dict>
									<dict>
										<key>2</key>
										<integer>2</integer>
										<key>3</key>
										<integer>21</integer>
										<key>4</key>
										<integer>0</integer>
										<key>5</key>
										<integer>4</integer>
										<key>6</key>
										<integer>1171967603</integer>
										<key>7</key>
										<integer>1091295308</integer>
										<key>8</key>
										<integer>-1077168470</integer>
									</dict>
									<dict>
										<key>2</key>
										<integer>2</integer>
										<key>3</key>
										<integer>22</integer>
										<key>4</key>
										<integer>0</integer>
										<key>5</key>
										<integer>4</integer>
										<key>6</key>
										<integer>1159348648</integer>
										<key>7</key>
										<integer>1091961523</integer>
										<key>8</key>
										<integer>-1063728896</integer>
									</dict>
									<dict>
										<key>2</key>
										<integer>2</integer>
										<key>3</key>
										<integer>23</integer>
										<key>4</key>
										<integer>0</integer>
										<key>5</key>
										<integer>4</integer>
										<key>6</key>
										<integer>1153930298</integer>
										<key>7</key>
										<integer>1090833234</integer>
										<key>8</key>
										<integer>-1072785033</integer>
									</dict>
									<dict>
										<key>2</key>
										<integer>2</integer>
										<key>3</key>
										<integer>24</integer>
										<key>4</key>
										<integer>0</integer>
										<key>5</key>
										<integer>4</integer>
										<key>6</key>
										<integer>1176537177</integer>
										<key>7</key>
										<integer>1090010626</integer>
										<key>8</key>
										<integer>-1071182965</integer>
									</dict>
									<dict>
										<key>2</key>
										<integer>2</integer>
										<key>3</key>
										<integer>25</integer>
										<key>4</key>
										<integer>0</integer>
										<key>5</key>
										<integer>4</integer>
										<key>6</key>
										<integer>1177324909</integer>
										<key>7</key>
										<integer>1102098839</integer>
										<key>8</key>
										<integer>-1060791771</integer>
									</dict>
									<dict>
										<key>2</key>
										<integer>2</integer>
										<key>3</key>
										<integer>26</integer>
										<key>4</key>
										<integer>0</integer>
										<key>5</key>
										<integer>4</integer>
										<key>6</key>
										<integer>1176711032</integer>
										<key>7</key>
										<integer>1106921585</integer>
										<key>8</key>
										<integer>-1062660851</integer>
									</dict>
									<dict>
										<key>2</key>
										<integer>2</integer>
										<key>3</key>
										<integer>27</integer>
										<key>4</key>
										<integer>0</integer>
										<key>5</key>
										<integer>6</integer>
										<key>6</key>
										<integer>1163652889</integer>
										<key>7</key>
										<integer>1076497564</integer>
										<key>8</key>
										<integer>1066042996</integer>
									</dict>
									<dict>
										<key>2</key>
										<integer>2</integer>
										<key>3</key>
										<integer>28</integer>
										<key>4</key>
										<integer>0</integer>
										<key>5</key>
										<integer>4</integer>
										<key>6</key>
										<integer>1165741360</integer>
										<key>7</key>
										<integer>1092966569</integer>
										<key>8</key>
										<integer>-1069580896</integer>
									</dict>
									<dict>
										<key>2</key>
										<integer>2</integer>
										<key>3</key>
										<integer>29</integer>
										<key>4</key>
										<integer>0</integer>
										<key>5</key>
										<integer>4</integer>
										<key>6</key>
										<integer>1150626287</integer>
										<key>7</key>
										<integer>1084498103</integer>
										<key>8</key>
										<integer>-1076100424</integer>
									</dict>
								</array>
							</dict>
							<key>PatchbayInfo</key>
							<dict>
								<key>InputPort0</key>
								<dict>
									<key>PortInstance</key>
									<integer>0</integer>
									<key>PortWidth</key>
									<integer>1</integer>
									<key>SourceFuncInstance</key>
									<integer>1</integer>
									<key>SourcePortIndex</key>
									<integer>0</integer>
								</dict>
								<key>InputPort1</key>
								<dict>
									<key>PortInstance</key>
									<integer>1</integer>
									<key>PortWidth</key>
									<integer>1</integer>
									<key>SourceFuncInstance</key>
									<integer>1</integer>
									<key>SourcePortIndex</key>
									<integer>1</integer>
								</dict>
							</dict>
						</dict>
						<key>DspFunction3</key>
						<dict>
							<key>FunctionInfo</key>
							<dict>
								<key>DspFuncInstance</key>
								<integer>3</integer>
								<key>DspFuncName</key>
								<string>DspMultiBandCompressor</string>
								<key>DspFuncProcessingIndex</key>
								<integer>3</integer>
							</dict>
							<key>ParameterInfo</key>
							<dict>
								<key>1</key>
								<integer>0</integer>
								<key>2</key>
								<integer>0</integer>
								<key>21</key>
								<integer>0</integer>
								<key>26</key>
								<integer>1134051455</integer>
								<key>27</key>
								<integer>1174371896</integer>
								<key>28</key>
								<integer>1184645120</integer>
								<key>29</key>
								<integer>1</integer>
								<key>3</key>
								<integer>2</integer>
								<key>30</key>
								<integer>0</integer>
								<key>Compressor</key>
								<array>
									<dict>
										<key>10</key>
										<integer>1116471296</integer>
										<key>11</key>
										<integer>0</integer>
										<key>12</key>
										<integer>1065353216</integer>
										<key>13</key>
										<integer>0</integer>
										<key>14</key>
										<integer>0</integer>
										<key>15</key>
										<integer>1070691421</integer>
										<key>16</key>
										<integer>-1054867456</integer>
										<key>17</key>
										<integer>1072706866</integer>
										<key>18</key>
										<integer>1080060515</integer>
										<key>19</key>
										<integer>0</integer>
										<key>4</key>
										<integer>0</integer>
										<key>5</key>
										<integer>0</integer>
										<key>6</key>
										<integer>0</integer>
										<key>7</key>
										<integer>0</integer>
										<key>8</key>
										<integer>1</integer>
										<key>9</key>
										<integer>1092616192</integer>
									</dict>
									<dict>
										<key>10</key>
										<integer>1116471296</integer>
										<key>11</key>
										<integer>0</integer>
										<key>12</key>
										<integer>1065353216</integer>
										<key>13</key>
										<integer>0</integer>
										<key>14</key>
										<integer>0</integer>
										<key>15</key>
										<integer>1071835322</integer>
										<key>16</key>
										<integer>-1054867456</integer>
										<key>17</key>
										<integer>1072706866</integer>
										<key>18</key>
										<integer>1084363763</integer>
										<key>19</key>
										<integer>0</integer>
										<key>4</key>
										<integer>1</integer>
										<key>5</key>
										<integer>0</integer>
										<key>6</key>
										<integer>0</integer>
										<key>7</key>
										<integer>0</integer>
										<key>8</key>
										<integer>1</integer>
										<key>9</key>
										<integer>1092616192</integer>
									</dict>
									<dict>
										<key>10</key>
										<integer>1116471296</integer>
										<key>11</key>
										<integer>0</integer>
										<key>12</key>
										<integer>1065353216</integer>
										<key>13</key>
										<integer>0</integer>
										<key>14</key>
										<integer>0</integer>
										<key>15</key>
										<integer>1069547520</integer>
										<key>16</key>
										<integer>-1054867456</integer>
										<key>17</key>
										<integer>1072706866</integer>
										<key>18</key>
										<integer>1084363763</integer>
										<key>19</key>
										<integer>0</integer>
										<key>4</key>
										<integer>2</integer>
										<key>5</key>
										<integer>0</integer>
										<key>6</key>
										<integer>0</integer>
										<key>7</key>
										<integer>0</integer>
										<key>8</key>
										<integer>1</integer>
										<key>9</key>
										<integer>1092616192</integer>
									</dict>
								</array>
							</dict>
							<key>PatchbayInfo</key>
							<dict>
								<key>InputPort0</key>
								<dict>
									<key>PortInstance</key>
									<integer>0</integer>
									<key>PortWidth</key>
									<integer>1</integer>
									<key>SourceFuncInstance</key>
									<integer>2</integer>
									<key>SourcePortIndex</key>
									<integer>0</integer>
								</dict>
								<key>InputPort1</key>
								<dict>
									<key>PortInstance</key>
									<integer>1</integer>
									<key>PortWidth</key>
									<integer>1</integer>
									<key>SourceFuncInstance</key>
									<integer>2</integer>
									<key>SourcePortIndex</key>
									<integer>1</integer>
								</dict>
							</dict>
						</dict>
						<key>DspFunction4</key>
						<dict>
							<key>FunctionInfo</key>
							<dict>
								<key>DspFuncInstance</key>
								<integer>4</integer>
								<key>DspFuncName</key>
								<string>DspMultiBandCompressor</string>
								<key>DspFuncProcessingIndex</key>
								<integer>4</integer>
							</dict>
							<key>ParameterInfo</key>
							<dict>
								<key>1</key>
								<integer>0</integer>
								<key>2</key>
								<integer>0</integer>
								<key>21</key>
								<integer>0</integer>
								<key>26</key>
								<integer>1140594757</integer>
								<key>27</key>
								<integer>1157804269</integer>
								<key>28</key>
								<integer>1184645120</integer>
								<key>29</key>
								<integer>1</integer>
								<key>3</key>
								<integer>2</integer>
								<key>30</key>
								<integer>0</integer>
								<key>Compressor</key>
								<array>
									<dict>
										<key>10</key>
										<integer>1115947008</integer>
										<key>11</key>
										<integer>-1055350354</integer>
										<key>12</key>
										<integer>1076702509</integer>
										<key>13</key>
										<integer>0</integer>
										<key>14</key>
										<integer>1</integer>
										<key>15</key>
										<integer>1068403619</integer>
										<key>16</key>
										<integer>-1032847360</integer>
										<key>17</key>
										<integer>1065353216</integer>
										<key>18</key>
										<integer>0</integer>
										<key>19</key>
										<integer>1</integer>
										<key>4</key>
										<integer>0</integer>
										<key>5</key>
										<integer>0</integer>
										<key>6</key>
										<integer>0</integer>
										<key>7</key>
										<integer>0</integer>
										<key>8</key>
										<integer>1</integer>
										<key>9</key>
										<integer>1095761920</integer>
										<key>Filter</key>
										<array>
											<dict>
												<key>20</key>
												<integer>0</integer>
												<key>22</key>
												<integer>1</integer>
												<key>23</key>
												<integer>1127599054</integer>
												<key>24</key>
												<integer>1082537644</integer>
												<key>25</key>
												<integer>1111573912</integer>
											</dict>
											<dict>
												<key>20</key>
												<integer>1</integer>
												<key>22</key>
												<integer>0</integer>
												<key>23</key>
												<integer>1101004800</integer>
												<key>24</key>
												<integer>0</integer>
												<key>25</key>
												<integer>1056964608</integer>
											</dict>
											<dict>
												<key>20</key>
												<integer>2</integer>
												<key>22</key>
												<integer>0</integer>
												<key>23</key>
												<integer>1101004800</integer>
												<key>24</key>
												<integer>0</integer>
												<key>25</key>
												<integer>1056964608</integer>
											</dict>
											<dict>
												<key>20</key>
												<integer>3</integer>
												<key>22</key>
												<integer>0</integer>
												<key>23</key>
												<integer>1101004800</integer>
												<key>24</key>
												<integer>0</integer>
												<key>25</key>
												<integer>1056964608</integer>
											</dict>
											<dict>
												<key>20</key>
												<integer>4</integer>
												<key>22</key>
												<integer>0</integer>
												<key>23</key>
												<integer>1148846080</integer>
												<key>24</key>
												<integer>0</integer>
												<key>25</key>
												<integer>1056964608</integer>
											</dict>
											<dict>
												<key>20</key>
												<integer>5</integer>
												<key>22</key>
												<integer>0</integer>
												<key>23</key>
												<integer>1148846080</integer>
												<key>24</key>
												<integer>0</integer>
												<key>25</key>
												<integer>1056964608</integer>
											</dict>
										</array>
									</dict>
									<dict>
										<key>10</key>
										<integer>1115947008</integer>
										<key>11</key>
										<integer>-1065573970</integer>
										<key>12</key>
										<integer>1074317513</integer>
										<key>13</key>
										<integer>0</integer>
										<key>14</key>
										<integer>1</integer>
										<key>15</key>
										<integer>1068403619</integer>
										<key>16</key>
										<integer>-1032847360</integer>
										<key>17</key>
										<integer>1065353216</integer>
										<key>18</key>
										<integer>0</integer>
										<key>19</key>
										<integer>0</integer>
										<key>4</key>
										<integer>1</integer>
										<key>5</key>
										<integer>0</integer>
										<key>6</key>
										<integer>0</integer>
										<key>7</key>
										<integer>0</integer>
										<key>8</key>
										<integer>1</integer>
										<key>9</key>
										<integer>1095761920</integer>
									</dict>
									<dict>
										<key>10</key>
										<integer>1115947008</integer>
										<key>11</key>
										<integer>-1066953670</integer>
										<key>12</key>
										<integer>1077497508</integer>
										<key>13</key>
										<integer>0</integer>
										<key>14</key>
										<integer>0</integer>
										<key>15</key>
										<integer>1082130432</integer>
										<key>16</key>
										<integer>-1032847360</integer>
										<key>17</key>
										<integer>1065353216</integer>
										<key>18</key>
										<integer>0</integer>
										<key>19</key>
										<integer>0</integer>
										<key>4</key>
										<integer>2</integer>
										<key>5</key>
										<integer>0</integer>
										<key>6</key>
										<integer>0</integer>
										<key>7</key>
										<integer>0</integer>
										<key>8</key>
										<integer>1</integer>
										<key>9</key>
										<integer>1095761920</integer>
									</dict>
								</array>
							</dict>
							<key>PatchbayInfo</key>
							<dict>
								<key>InputPort0</key>
								<dict>
									<key>PortInstance</key>
									<integer>0</integer>
									<key>PortWidth</key>
									<integer>1</integer>
									<key>SourceFuncInstance</key>
									<integer>3</integer>
									<key>SourcePortIndex</key>
									<integer>0</integer>
								</dict>
								<key>InputPort1</key>
								<dict>
									<key>PortInstance</key>
									<integer>1</integer>
									<key>PortWidth</key>
									<integer>1</integer>
									<key>SourceFuncInstance</key>
									<integer>3</integer>
									<key>SourcePortIndex</key>
									<integer>1</integer>
								</dict>
							</dict>
						</dict>
						<key>DspFunction5</key>
						<dict>
							<key>FunctionInfo</key>
							<dict>
								<key>DspFuncInstance</key>
								<integer>5</integer>
								<key>DspFuncName</key>
								<string>DspLimiter</string>
								<key>DspFuncProcessingIndex</key>
								<integer>5</integer>
							</dict>
							<key>ParameterInfo</key>
							<dict>
								<key>1</key>
								<integer>0</integer>
								<key>2</key>
								<integer>1084227582</integer>
								<key>3</key>
								<integer>1099593255</integer>
								<key>4</key>
								<integer>0</integer>
								<key>5</key>
								<integer>0</integer>
							</dict>
							<key>PatchbayInfo</key>
							<dict>
								<key>InputPort0</key>
								<dict>
									<key>PortInstance</key>
									<integer>0</integer>
									<key>PortWidth</key>
									<integer>1</integer>
									<key>SourceFuncInstance</key>
									<integer>4</integer>
									<key>SourcePortIndex</key>
									<integer>0</integer>
								</dict>
								<key>InputPort1</key>
								<dict>
									<key>PortInstance</key>
									<integer>1</integer>
									<key>PortWidth</key>
									<integer>1</integer>
									<key>SourceFuncInstance</key>
									<integer>4</integer>
									<key>SourcePortIndex</key>
									<integer>1</integer>
								</dict>
							</dict>
						</dict>
						<key>DspFunction6</key>
						<dict>
							<key>FunctionInfo</key>
							<dict>
								<key>DspFuncInstance</key>
								<integer>6</integer>
								<key>DspFuncName</key>
								<string>DspLoudness</string>
								<key>DspFuncProcessingIndex</key>
								<integer>6</integer>
							</dict>
							<key>ParameterInfo</key>
							<dict>
								<key>1</key>
								<integer>0</integer>
								<key>10</key>
								<integer>1143017157</integer>
								<key>11</key>
								<integer>1153579796</integer>
								<key>12</key>
								<integer>1053867276</integer>
								<key>13</key>
								<integer>1054460931</integer>
								<key>14</key>
								<integer>-1059344068</integer>
								<key>15</key>
								<integer>-1036638366</integer>
								<key>16</key>
								<integer>-1043378290</integer>
								<key>17</key>
								<integer>-1044186096</integer>
								<key>2</key>
								<integer>0</integer>
								<key>3</key>
								<integer>0</integer>
								<key>4</key>
								<integer>0</integer>
								<key>5</key>
								<integer>0</integer>
							</dict>
							<key>PatchbayInfo</key>
							<dict>
								<key>InputPort0</key>
								<dict>
									<key>PortInstance</key>
									<integer>0</integer>
									<key>PortWidth</key>
									<integer>1</integer>
									<key>SourceFuncInstance</key>
									<integer>5</integer>
									<key>SourcePortIndex</key>
									<integer>0</integer>
								</dict>
								<key>InputPort1</key>
								<dict>
									<key>PortInstance</key>
									<integer>1</integer>
									<key>PortWidth</key>
									<integer>1</integer>
									<key>SourceFuncInstance</key>
									<integer>5</integer>
									<key>SourcePortIndex</key>
									<integer>1</integer>
								</dict>
							</dict>
						</dict>
						<key>DspFunction7</key>
						<dict>
							<key>FunctionInfo</key>
							<dict>
								<key>DspFuncInstance</key>
								<integer>7</integer>
								<key>DspFuncName</key>
								<string>DspCrossover2Dot1</string>
								<key>DspFuncProcessingIndex</key>
								<integer>7</integer>
							</dict>
							<key>ParameterInfo</key>
							<dict>
								<key>1</key>
								<integer>0</integer>
								<key>10</key>
								<integer>1151090688</integer>
								<key>2</key>
								<integer>0</integer>
								<key>3</key>
								<integer>1065353216</integer>
								<key>5</key>
								<integer>2</integer>
								<key>6</key>
								<integer>1172501203</integer>
								<key>7</key>
								<integer>1065353216</integer>
								<key>9</key>
								<integer>2</integer>
							</dict>
							<key>PatchbayInfo</key>
							<dict>
								<key>InputPort0</key>
								<dict>
									<key>PortInstance</key>
									<integer>0</integer>
									<key>PortWidth</key>
									<integer>1</integer>
									<key>SourceFuncInstance</key>
									<integer>6</integer>
									<key>SourcePortIndex</key>
									<integer>0</integer>
								</dict>
								<key>InputPort1</key>
								<dict>
									<key>PortInstance</key>
									<integer>1</integer>
									<key>PortWidth</key>
									<integer>1</integer>
									<key>SourceFuncInstance</key>
									<integer>6</integer>
									<key>SourcePortIndex</key>
									<integer>1</integer>
								</dict>
							</dict>
						</dict>
						<key>DspFunction8</key>
						<dict>
							<key>FunctionInfo</key>
							<dict>
								<key>DspFuncInstance</key>
								<integer>8</integer>
								<key>DspFuncName</key>
								<string>DspEqualization32</string>
								<key>DspFuncProcessingIndex</key>
								<integer>8</integer>
							</dict>
							<key>ParameterInfo</key>
							<dict>
								<key>1</key>
								<integer>0</integer>
								<key>9</key>
								<integer>0</integer>
								<key>Filter</key>
								<array>
									<dict>
										<key>2</key>
										<integer>0</integer>
										<key>3</key>
										<integer>3</integer>
										<key>4</key>
										<integer>0</integer>
										<key>5</key>
										<integer>4</integer>
										<key>6</key>
										<integer>1162327107</integer>
										<key>7</key>
										<integer>1104000716</integer>
										<key>8</key>
										<integer>-1066910782</integer>
									</dict>
									<dict>
										<key>2</key>
										<integer>0</integer>
										<key>3</key>
										<integer>4</integer>
										<key>4</key>
										<integer>0</integer>
										<key>5</key>
										<integer>4</integer>
										<key>6</key>
										<integer>1172156066</integer>
										<key>7</key>
										<integer>1111129326</integer>
										<key>8</key>
										<integer>-1096615800</integer>
									</dict>
									<dict>
										<key>2</key>
										<integer>0</integer>
										<key>3</key>
										<integer>5</integer>
										<key>4</key>
										<integer>0</integer>
										<key>5</key>
										<integer>4</integer>
										<key>6</key>
										<integer>1159976148</integer>
										<key>7</key>
										<integer>1101808649</integer>
										<key>8</key>
										<integer>-1072785033</integer>
									</dict>
									<dict>
										<key>2</key>
										<integer>0</integer>
										<key>3</key>
										<integer>7</integer>
										<key>4</key>
										<integer>0</integer>
										<key>5</key>
										<integer>4</integer>
										<key>6</key>
										<integer>1163829781</integer>
										<key>7</key>
										<integer>1101791285</integer>
										<key>8</key>
										<integer>-1067978828</integer>
									</dict>
									<dict>
										<key>2</key>
										<integer>0</integer>
										<key>3</key>
										<integer>8</integer>
										<key>4</key>
										<integer>0</integer>
										<key>5</key>
										<integer>4</integer>
										<key>6</key>
										<integer>1156119800</integer>
										<key>7</key>
										<integer>1084063743</integer>
										<key>8</key>
										<integer>-1065330965</integer>
									</dict>
									<dict>
										<key>2</key>
										<integer>0</integer>
										<key>3</key>
										<integer>9</integer>
										<key>4</key>
										<integer>0</integer>
										<key>5</key>
										<integer>4</integer>
										<key>6</key>
										<integer>1169843194</integer>
										<key>7</key>
										<integer>1097772610</integer>
										<key>8</key>
										<integer>-1065063953</integer>
									</dict>
									<dict>
										<key>2</key>
										<integer>0</integer>
										<key>3</key>
										<integer>10</integer>
										<key>4</key>
										<integer>0</integer>
										<key>5</key>
										<integer>4</integer>
										<key>6</key>
										<integer>1169091857</integer>
										<key>7</key>
										<integer>1101791256</integer>
										<key>8</key>
										<integer>-1073319056</integer>
									</dict>
									<dict>
										<key>2</key>
										<integer>0</integer>
										<key>3</key>
										<integer>11</integer>
										<key>4</key>
										<integer>0</integer>
										<key>5</key>
										<integer>4</integer>
										<key>6</key>
										<integer>1175642804</integer>
										<key>7</key>
										<integer>1098789340</integer>
										<key>8</key>
										<integer>-1060257748</integer>
									</dict>
									<dict>
										<key>2</key>
										<integer>0</integer>
										<key>3</key>
										<integer>12</integer>
										<key>4</key>
										<integer>0</integer>
										<key>5</key>
										<integer>4</integer>
										<key>6</key>
										<integer>1176768079</integer>
										<key>7</key>
										<integer>1100994664</integer>
										<key>8</key>
										<integer>-1061325794</integer>
									</dict>
									<dict>
										<key>2</key>
										<integer>0</integer>
										<key>3</key>
										<integer>13</integer>
										<key>4</key>
										<integer>0</integer>
										<key>5</key>
										<integer>4</integer>
										<key>6</key>
										<integer>1177564428</integer>
										<key>7</key>
										<integer>1101845263</integer>
										<key>8</key>
										<integer>-1064262919</integer>
									</dict>
									<dict>
										<key>2</key>
										<integer>0</integer>
										<key>3</key>
										<integer>14</integer>
										<key>4</key>
										<integer>0</integer>
										<key>5</key>
										<integer>4</integer>
										<key>6</key>
										<integer>1178836854</integer>
										<key>7</key>
										<integer>1099584154</integer>
										<key>8</key>
										<integer>-1077168470</integer>
									</dict>
									<dict>
										<key>2</key>
										<integer>0</integer>
										<key>3</key>
										<integer>15</integer>
										<key>4</key>
										<integer>0</integer>
										<key>5</key>
										<integer>4</integer>
										<key>6</key>
										<integer>1179667826</integer>
										<key>7</key>
										<integer>1092214020</integer>
										<key>8</key>
										<integer>-1061058782</integer>
									</dict>
									<dict>
										<key>2</key>
										<integer>0</integer>
										<key>3</key>
										<integer>16</integer>
										<key>4</key>
										<integer>0</integer>
										<key>5</key>
										<integer>4</integer>
										<key>6</key>
										<integer>1180386270</integer>
										<key>7</key>
										<integer>1103181829</integer>
										<key>8</key>
										<integer>-1064529931</integer>
									</dict>
									<dict>
										<key>2</key>
										<integer>0</integer>
										<key>3</key>
										<integer>17</integer>
										<key>4</key>
										<integer>0</integer>
										<key>5</key>
										<integer>4</integer>
										<key>6</key>
										<integer>1181676008</integer>
										<key>7</key>
										<integer>1095876660</integer>
										<key>8</key>
										<integer>-1059723725</integer>
									</dict>
									<dict>
										<key>2</key>
										<integer>0</integer>
										<key>3</key>
										<integer>18</integer>
										<key>4</key>
										<integer>0</integer>
										<key>5</key>
										<integer>4</integer>
										<key>6</key>
										<integer>1182152086</integer>
										<key>7</key>
										<integer>1112481633</integer>
										<key>8</key>
										<integer>-1064262919</integer>
									</dict>
									<dict>
										<key>2</key>
										<integer>0</integer>
										<key>3</key>
										<integer>19</integer>
										<key>4</key>
										<integer>0</integer>
										<key>5</key>
										<integer>4</integer>
										<key>6</key>
										<integer>1182832130</integer>
										<key>7</key>
										<integer>1117112078</integer>
										<key>8</key>
										<integer>-1063728896</integer>
									</dict>
									<dict>
										<key>2</key>
										<integer>0</integer>
										<key>3</key>
										<integer>20</integer>
										<key>4</key>
										<integer>0</integer>
										<key>5</key>
										<integer>4</integer>
										<key>6</key>
										<integer>1180340553</integer>
										<key>7</key>
										<integer>1068581256</integer>
										<key>8</key>
										<integer>-1096615800</integer>
									</dict>
									<dict>
										<key>2</key>
										<integer>1</integer>
										<key>3</key>
										<integer>2</integer>
										<key>4</key>
										<integer>0</integer>
										<key>5</key>
										<integer>4</integer>
										<key>6</key>
										<integer>1173185536</integer>
										<key>7</key>
										<integer>1100334870</integer>
										<key>8</key>
										<integer>-1068512851</integer>
									</dict>
									<dict>
										<key>2</key>
										<integer>1</integer>
										<key>3</key>
										<integer>3</integer>
										<key>4</key>
										<integer>0</integer>
										<key>5</key>
										<integer>4</integer>
										<key>6</key>
										<integer>1156022853</integer>
										<key>7</key>
										<integer>1099635812</integer>
										<key>8</key>
										<integer>-1060791771</integer>
									</dict>
									<dict>
										<key>2</key>
										<integer>1</integer>
										<key>3</key>
										<integer>4</integer>
										<key>4</key>
										<integer>0</integer>
										<key>5</key>
										<integer>4</integer>
										<key>6</key>
										<integer>1175504309</integer>
										<key>7</key>
										<integer>1103011915</integer>
										<key>8</key>
										<integer>-1065063953</integer>
									</dict>
									<dict>
										<key>2</key>
										<integer>1</integer>
										<key>3</key>
										<integer>5</integer>
										<key>4</key>
										<integer>0</integer>
										<key>5</key>
										<integer>4</integer>
										<key>6</key>
										<integer>1155058319</integer>
										<key>7</key>
										<integer>1081289331</integer>
										<key>8</key>
										<integer>-1080372607</integer>
									</dict>
									<dict>
										<key>2</key>
										<integer>1</integer>
										<key>3</key>
										<integer>6</integer>
										<key>4</key>
										<integer>0</integer>
										<key>5</key>
										<integer>4</integer>
										<key>6</key>
										<integer>1167916377</integer>
										<key>7</key>
										<integer>1091579115</integer>
										<key>8</key>
										<integer>-1070114919</integer>
									</dict>
									<dict>
										<key>2</key>
										<integer>1</integer>
										<key>3</key>
										<integer>7</integer>
										<key>4</key>
										<integer>0</integer>
										<key>5</key>
										<integer>4</integer>
										<key>6</key>
										<integer>1168963338</integer>
										<key>7</key>
										<integer>1093332266</integer>
										<key>8</key>
										<integer>-1065330965</integer>
									</dict>
									<dict>
										<key>2</key>
										<integer>1</integer>
										<key>3</key>
										<integer>8</integer>
										<key>4</key>
										<integer>0</integer>
										<key>5</key>
										<integer>4</integer>
										<key>6</key>
										<integer>1175989043</integer>
										<key>7</key>
										<integer>1104900771</integer>
										<key>8</key>
										<integer>-1059990737</integer>
									</dict>
									<dict>
										<key>2</key>
										<integer>1</integer>
										<key>3</key>
										<integer>9</integer>
										<key>4</key>
										<integer>0</integer>
										<key>5</key>
										<integer>4</integer>
										<key>6</key>
										<integer>1177148941</integer>
										<key>7</key>
										<integer>1097811530</integer>
										<key>8</key>
										<integer>-1060524760</integer>
									</dict>
									<dict>
										<key>2</key>
										<integer>1</integer>
										<key>3</key>
										<integer>10</integer>
										<key>4</key>
										<integer>0</integer>
										<key>5</key>
										<integer>4</integer>
										<key>6</key>
										<integer>1177625019</integer>
										<key>7</key>
										<integer>1102406151</integer>
										<key>8</key>
										<integer>-1062393839</integer>
									</dict>
									<dict>
										<key>2</key>
										<integer>1</integer>
										<key>3</key>
										<integer>11</integer>
										<key>4</key>
										<integer>0</integer>
										<key>5</key>
										<integer>4</integer>
										<key>6</key>
										<integer>1178040506</integer>
										<key>7</key>
										<integer>1105691792</integer>
										<key>8</key>
										<integer>-1059990737</integer>
									</dict>
									<dict>
										<key>2</key>
										<integer>1</integer>
										<key>3</key>
										<integer>12</integer>
										<key>4</key>
										<integer>0</integer>
										<key>5</key>
										<integer>4</integer>
										<key>6</key>
										<integer>1179165780</integer>
										<key>7</key>
										<integer>1111352147</integer>
										<key>8</key>
										<integer>-1053270950</integer>
									</dict>
									<dict>
										<key>2</key>
										<integer>1</integer>
										<key>3</key>
										<integer>13</integer>
										<key>4</key>
										<integer>0</integer>
										<key>5</key>
										<integer>4</integer>
										<key>6</key>
										<integer>1179503362</integer>
										<key>7</key>
										<integer>1110920726</integer>
										<key>8</key>
										<integer>-1050867848</integer>
									</dict>
									<dict>
										<key>2</key>
										<integer>1</integer>
										<key>3</key>
										<integer>14</integer>
										<key>4</key>
										<integer>0</integer>
										<key>5</key>
										<integer>4</integer>
										<key>6</key>
										<integer>1180446862</integer>
										<key>7</key>
										<integer>1102019589</integer>
										<key>8</key>
										<integer>-1052736927</integer>
									</dict>
									<dict>
										<key>2</key>
										<integer>1</integer>
										<key>3</key>
										<integer>15</integer>
										<key>4</key>
										<integer>0</integer>
										<key>5</key>
										<integer>4</integer>
										<key>6</key>
										<integer>1181373050</integer>
										<key>7</key>
										<integer>1103437665</integer>
										<key>8</key>
										<integer>-1056341581</integer>
									</dict>
									<dict>
										<key>2</key>
										<integer>1</integer>
										<key>3</key>
										<integer>16</integer>
										<key>4</key>
										<integer>0</integer>
										<key>5</key>
										<integer>4</integer>
										<key>6</key>
										<integer>1182420421</integer>
										<key>7</key>
										<integer>1093958721</integer>
										<key>8</key>
										<integer>-1068512851</integer>
									</dict>
									<dict>
										<key>2</key>
										<integer>1</integer>
										<key>3</key>
										<integer>17</integer>
										<key>4</key>
										<integer>0</integer>
										<key>5</key>
										<integer>4</integer>
										<key>6</key>
										<integer>1179840944</integer>
										<key>7</key>
										<integer>1109925232</integer>
										<key>8</key>
										<integer>-1048998768</integer>
									</dict>
									<dict>
										<key>2</key>
										<integer>1</integer>
										<key>3</key>
										<integer>18</integer>
										<key>4</key>
										<integer>0</integer>
										<key>5</key>
										<integer>4</integer>
										<key>6</key>
										<integer>1183081858</integer>
										<key>7</key>
										<integer>1078346060</integer>
										<key>8</key>
										<integer>-1077168470</integer>
									</dict>
									<dict>
										<key>2</key>
										<integer>1</integer>
										<key>3</key>
										<integer>19</integer>
										<key>4</key>
										<integer>0</integer>
										<key>5</key>
										<integer>4</integer>
										<key>6</key>
										<integer>1169912941</integer>
										<key>7</key>
										<integer>1096384878</integer>
										<key>8</key>
										<integer>-1082886964</integer>
									</dict>
									<dict>
										<key>2</key>
										<integer>1</integer>
										<key>3</key>
										<integer>20</integer>
										<key>4</key>
										<integer>0</integer>
										<key>5</key>
										<integer>4</integer>
										<key>6</key>
										<integer>1180914284</integer>
										<key>7</key>
										<integer>1110187061</integer>
										<key>8</key>
										<integer>-1051401870</integer>
									</dict>
								</array>
							</dict>
							<key>PatchbayInfo</key>
							<dict>
								<key>InputPort0</key>
								<dict>
									<key>PortInstance</key>
									<integer>0</integer>
									<key>PortWidth</key>
									<integer>1</integer>
									<key>SourceFuncInstance</key>
									<integer>7</integer>
									<key>SourcePortIndex</key>
									<integer>0</integer>
								</dict>
								<key>InputPort1</key>
								<dict>
									<key>PortInstance</key>
									<integer>1</integer>
									<key>PortWidth</key>
									<integer>1</integer>
									<key>SourceFuncInstance</key>
									<integer>7</integer>
									<key>SourcePortIndex</key>
									<integer>1</integer>
								</dict>
							</dict>
						</dict>
						<key>DspFunction9</key>
						<dict>
							<key>FunctionInfo</key>
							<dict>
								<key>DspFuncInstance</key>
								<integer>9</integer>
								<key>DspFuncName</key>
								<string>DspEqualization32</string>
								<key>DspFuncProcessingIndex</key>
								<integer>9</integer>
							</dict>
							<key>ParameterInfo</key>
							<dict>
								<key>1</key>
								<integer>0</integer>
								<key>9</key>
								<integer>0</integer>
								<key>Filter</key>
								<array>
									<dict>
										<key>2</key>
										<integer>0</integer>
										<key>3</key>
										<integer>4</integer>
										<key>4</key>
										<integer>0</integer>
										<key>5</key>
										<integer>4</integer>
										<key>6</key>
										<integer>1138033804</integer>
										<key>7</key>
										<integer>1084751867</integer>
										<key>8</key>
										<integer>-1068512851</integer>
									</dict>
									<dict>
										<key>2</key>
										<integer>0</integer>
										<key>3</key>
										<integer>5</integer>
										<key>4</key>
										<integer>0</integer>
										<key>5</key>
										<integer>4</integer>
										<key>6</key>
										<integer>1143867172</integer>
										<key>7</key>
										<integer>1088502544</integer>
										<key>8</key>
										<integer>-1065063953</integer>
									</dict>
									<dict>
										<key>2</key>
										<integer>0</integer>
										<key>3</key>
										<integer>6</integer>
										<key>4</key>
										<integer>0</integer>
										<key>5</key>
										<integer>4</integer>
										<key>6</key>
										<integer>1157137741</integer>
										<key>7</key>
										<integer>1087292660</integer>
										<key>8</key>
										<integer>-1071716987</integer>
									</dict>
									<dict>
										<key>2</key>
										<integer>0</integer>
										<key>3</key>
										<integer>7</integer>
										<key>4</key>
										<integer>0</integer>
										<key>5</key>
										<integer>4</integer>
										<key>6</key>
										<integer>1165550586</integer>
										<key>7</key>
										<integer>1093891953</integer>
										<key>8</key>
										<integer>-1062393839</integer>
									</dict>
									<dict>
										<key>2</key>
										<integer>0</integer>
										<key>3</key>
										<integer>8</integer>
										<key>4</key>
										<integer>0</integer>
										<key>5</key>
										<integer>4</integer>
										<key>6</key>
										<integer>1163439530</integer>
										<key>7</key>
										<integer>1091438896</integer>
										<key>8</key>
										<integer>-1072785033</integer>
									</dict>
									<dict>
										<key>2</key>
										<integer>0</integer>
										<key>3</key>
										<integer>9</integer>
										<key>4</key>
										<integer>0</integer>
										<key>5</key>
										<integer>4</integer>
										<key>6</key>
										<integer>1159348133</integer>
										<key>7</key>
										<integer>1094279017</integer>
										<key>8</key>
										<integer>-1070114919</integer>
									</dict>
									<dict>
										<key>2</key>
										<integer>0</integer>
										<key>3</key>
										<integer>10</integer>
										<key>4</key>
										<integer>0</integer>
										<key>5</key>
										<integer>4</integer>
										<key>6</key>
										<integer>1161234918</integer>
										<key>7</key>
										<integer>1088569766</integer>
										<key>8</key>
										<integer>-1071716987</integer>
									</dict>
									<dict>
										<key>2</key>
										<integer>1</integer>
										<key>3</key>
										<integer>4</integer>
										<key>4</key>
										<integer>0</integer>
										<key>5</key>
										<integer>4</integer>
										<key>6</key>
										<integer>1138033804</integer>
										<key>7</key>
										<integer>1084751867</integer>
										<key>8</key>
										<integer>-1068512851</integer>
									</dict>
									<dict>
										<key>2</key>
										<integer>1</integer>
										<key>3</key>
										<integer>5</integer>
										<key>4</key>
										<integer>0</integer>
										<key>5</key>
										<integer>4</integer>
										<key>6</key>
										<integer>1143867172</integer>
										<key>7</key>
										<integer>1088502544</integer>
										<key>8</key>
										<integer>-1065063953</integer>
									</dict>
									<dict>
										<key>2</key>
										<integer>1</integer>
										<key>3</key>
										<integer>6</integer>
										<key>4</key>
										<integer>0</integer>
										<key>5</key>
										<integer>4</integer>
										<key>6</key>
										<integer>1157137741</integer>
										<key>7</key>
										<integer>1087292660</integer>
										<key>8</key>
										<integer>-1071716987</integer>
									</dict>
									<dict>
										<key>2</key>
										<integer>1</integer>
										<key>3</key>
										<integer>7</integer>
										<key>4</key>
										<integer>0</integer>
										<key>5</key>
										<integer>4</integer>
										<key>6</key>
										<integer>1165550586</integer>
										<key>7</key>
										<integer>1093891953</integer>
										<key>8</key>
										<integer>-1062393839</integer>
									</dict>
									<dict>
										<key>2</key>
										<integer>1</integer>
										<key>3</key>
										<integer>8</integer>
										<key>4</key>
										<integer>0</integer>
										<key>5</key>
										<integer>4</integer>
										<key>6</key>
										<integer>1163439530</integer>
										<key>7</key>
										<integer>1091438896</integer>
										<key>8</key>
										<integer>-1072785033</integer>
									</dict>
									<dict>
										<key>2</key>
										<integer>1</integer>
										<key>3</key>
										<integer>9</integer>
										<key>4</key>
										<integer>0</integer>
										<key>5</key>
										<integer>4</integer>
										<key>6</key>
										<integer>1159348133</integer>
										<key>7</key>
										<integer>1094279017</integer>
										<key>8</key>
										<integer>-1070114919</integer>
									</dict>
									<dict>
										<key>2</key>
										<integer>1</integer>
										<key>3</key>
										<integer>10</integer>
										<key>4</key>
										<integer>0</integer>
										<key>5</key>
										<integer>4</integer>
										<key>6</key>
										<integer>1161234918</integer>
										<key>7</key>
										<integer>1088569766</integer>
										<key>8</key>
										<integer>-1071716987</integer>
									</dict>
								</array>
							</dict>
							<key>PatchbayInfo</key>
							<dict>
								<key>InputPort0</key>
								<dict>
									<key>PortInstance</key>
									<integer>0</integer>
									<key>PortWidth</key>
									<integer>1</integer>
									<key>SourceFuncInstance</key>
									<integer>7</integer>
									<key>SourcePortIndex</key>
									<integer>2</integer>
								</dict>
								<key>InputPort1</key>
								<dict>
									<key>PortInstance</key>
									<integer>1</integer>
									<key>PortWidth</key>
									<integer>1</integer>
									<key>SourceFuncInstance</key>
									<integer>7</integer>
									<key>SourcePortIndex</key>
									<integer>3</integer>
								</dict>
							</dict>
						</dict>
					</dict>
				</dict>
			</dict>
			<key>LineIn</key>
			<dict>
				<key>MuteGPIO</key>
				<integer>0</integer>
			</dict>
			<key>LineOut</key>
			<dict/>
			<key>Mic</key>
			<dict>
				<key>MuteGPIO</key>
				<integer>1342242840</integer>
				<key>SignalProcessing</key>
				<dict>
					<key>SoftwareDSP</key>
					<dict>
						<key>DspFunction0</key>
						<dict>
							<key>FunctionInfo</key>
							<dict>
								<key>DspFuncInstance</key>
								<integer>0</integer>
								<key>DspFuncName</key>
								<string>DspNoiseReduction</string>
								<key>DspFuncProcessingIndex</key>
								<integer>0</integer>
							</dict>
							<key>ParameterInfo</key>
							<dict>
								<key>1</key>
								<integer>0</integer>
								<key>2</key>
								<integer>0</integer>
								<key>3</key>
								<integer>0</integer>
								<key>4</key>
								<integer>-1111411312</integer>
							</dict>
							<key>PatchbayInfo</key>
							<dict/>
						</dict>
						<key>DspFunction1</key>
						<dict>
							<key>FunctionInfo</key>
							<dict>
								<key>DspFuncInstance</key>
								<integer>1</integer>
								<key>DspFuncName</key>
								<string>DspEqualization32</string>
								<key>DspFuncProcessingIndex</key>
								<integer>1</integer>
							</dict>
							<key>ParameterInfo</key>
							<dict>
								<key>1</key>
								<integer>0</integer>
								<key>Filter</key>
								<array>
									<dict>
										<key>2</key>
										<integer>0</integer>
										<key>3</key>
										<integer>0</integer>
										<key>4</key>
										<integer>0</integer>
										<key>5</key>
										<integer>1</integer>
										<key>6</key>
										<integer>1120723891</integer>
										<key>7</key>
										<integer>1060439283</integer>
										<key>8</key>
										<integer>0</integer>
									</dict>
									<dict>
										<key>2</key>
										<integer>0</integer>
										<key>3</key>
										<integer>1</integer>
										<key>4</key>
										<integer>0</integer>
										<key>5</key>
										<integer>4</integer>
										<key>6</key>
										<integer>1133968303</integer>
										<key>7</key>
										<integer>1084477243</integer>
										<key>8</key>
										<integer>-1080988787</integer>
									</dict>
									<dict>
										<key>2</key>
										<integer>0</integer>
										<key>3</key>
										<integer>2</integer>
										<key>4</key>
										<integer>0</integer>
										<key>5</key>
										<integer>4</integer>
										<key>6</key>
										<integer>1150664980</integer>
										<key>7</key>
										<integer>1098102506</integer>
										<key>8</key>
										<integer>-1073195820</integer>
									</dict>
									<dict>
										<key>2</key>
										<integer>0</integer>
										<key>3</key>
										<integer>3</integer>
										<key>4</key>
										<integer>0</integer>
										<key>5</key>
										<integer>4</integer>
										<key>6</key>
										<integer>1148869092</integer>
										<key>7</key>
										<integer>1091475860</integer>
										<key>8</key>
										<integer>-1076223660</integer>
									</dict>
									<dict>
										<key>2</key>
										<integer>0</integer>
										<key>3</key>
										<integer>4</integer>
										<key>4</key>
										<integer>0</integer>
										<key>5</key>
										<integer>4</integer>
										<key>6</key>
										<integer>1142287878</integer>
										<key>7</key>
										<integer>1085842969</integer>
										<key>8</key>
										<integer>-1079797505</integer>
									</dict>
									<dict>
										<key>2</key>
										<integer>0</integer>
										<key>3</key>
										<integer>5</integer>
										<key>4</key>
										<integer>0</integer>
										<key>5</key>
										<integer>4</integer>
										<key>6</key>
										<integer>1171916736</integer>
										<key>7</key>
										<integer>1096762195</integer>
										<key>8</key>
										<integer>-1082229705</integer>
									</dict>
									<dict>
										<key>2</key>
										<integer>0</integer>
										<key>3</key>
										<integer>6</integer>
										<key>4</key>
										<integer>0</integer>
										<key>5</key>
										<integer>6</integer>
										<key>6</key>
										<integer>1184316119</integer>
										<key>7</key>
										<integer>1109056511</integer>
										<key>8</key>
										<integer>-1045200702</integer>
									</dict>
									<dict>
										<key>2</key>
										<integer>0</integer>
										<key>3</key>
										<integer>7</integer>
										<key>4</key>
										<integer>0</integer>
										<key>5</key>
										<integer>4</integer>
										<key>6</key>
										<integer>1139168842</integer>
										<key>7</key>
										<integer>1089375144</integer>
										<key>8</key>
										<integer>-1082229705</integer>
									</dict>
									<dict>
										<key>2</key>
										<integer>0</integer>
										<key>3</key>
										<integer>8</integer>
										<key>4</key>
										<integer>0</integer>
										<key>5</key>
										<integer>4</integer>
										<key>6</key>
										<integer>1169906445</integer>
										<key>7</key>
										<integer>1092320018</integer>
										<key>8</key>
										<integer>-1086994832</integer>
									</dict>
									<dict>
										<key>2</key>
										<integer>0</integer>
										<key>3</key>
										<integer>9</integer>
										<key>4</key>
										<integer>0</integer>
										<key>5</key>
										<integer>4</integer>
										<key>6</key>
										<integer>1174300519</integer>
										<key>7</key>
										<integer>1100485297</integer>
										<key>8</key>
										<integer>-1084612268</integer>
									</dict>
									<dict>
										<key>2</key>
										<integer>0</integer>
										<key>3</key>
										<integer>10</integer>
										<key>4</key>
										<integer>0</integer>
										<key>5</key>
										<integer>4</integer>
										<key>6</key>
										<integer>1153948405</integer>
										<key>7</key>
										<integer>1086231536</integer>
										<key>8</key>
										<integer>-1079797505</integer>
									</dict>
									<dict>
										<key>2</key>
										<integer>1</integer>
										<key>3</key>
										<integer>0</integer>
										<key>4</key>
										<integer>0</integer>
										<key>5</key>
										<integer>1</integer>
										<key>6</key>
										<integer>1120723891</integer>
										<key>7</key>
										<integer>1060439283</integer>
										<key>8</key>
										<integer>0</integer>
									</dict>
									<dict>
										<key>2</key>
										<integer>1</integer>
										<key>3</key>
										<integer>1</integer>
										<key>4</key>
										<integer>0</integer>
										<key>5</key>
										<integer>4</integer>
										<key>6</key>
										<integer>1133968303</integer>
										<key>7</key>
										<integer>1084477243</integer>
										<key>8</key>
										<integer>-1080988787</integer>
									</dict>
									<dict>
										<key>2</key>
										<integer>1</integer>
										<key>3</key>
										<integer>2</integer>
										<key>4</key>
										<integer>0</integer>
										<key>5</key>
										<integer>4</integer>
										<key>6</key>
										<integer>1150664980</integer>
										<key>7</key>
										<integer>1098102506</integer>
										<key>8</key>
										<integer>-1073195820</integer>
									</dict>
									<dict>
										<key>2</key>
										<integer>1</integer>
										<key>3</key>
										<integer>3</integer>
										<key>4</key>
										<integer>0</integer>
										<key>5</key>
										<integer>4</integer>
										<key>6</key>
										<integer>1148869092</integer>
										<key>7</key>
										<integer>1091475860</integer>
										<key>8</key>
										<integer>-1076223660</integer>
									</dict>
									<dict>
										<key>2</key>
										<integer>1</integer>
										<key>3</key>
										<integer>4</integer>
										<key>4</key>
										<integer>0</integer>
										<key>5</key>
										<integer>4</integer>
										<key>6</key>
										<integer>1142287878</integer>
										<key>7</key>
										<integer>1085842969</integer>
										<key>8</key>
										<integer>-1079797505</integer>
									</dict>
									<dict>
										<key>2</key>
										<integer>1</integer>
										<key>3</key>
										<integer>5</integer>
										<key>4</key>
										<integer>0</integer>
										<key>5</key>
										<integer>4</integer>
										<key>6</key>
										<integer>1171916736</integer>
										<key>7</key>
										<integer>1096762195</integer>
										<key>8</key>
										<integer>-1082229705</integer>
									</dict>
									<dict>
										<key>2</key>
										<integer>1</integer>
										<key>3</key>
										<integer>6</integer>
										<key>4</key>
										<integer>0</integer>
										<key>5</key>
										<integer>6</integer>
										<key>6</key>
										<integer>1184316119</integer>
										<key>7</key>
										<integer>1109056511</integer>
										<key>8</key>
										<integer>-1045200702</integer>
									</dict>
									<dict>
										<key>2</key>
										<integer>1</integer>
										<key>3</key>
										<integer>7</integer>
										<key>4</key>
										<integer>0</integer>
										<key>5</key>
										<integer>4</integer>
										<key>6</key>
										<integer>1139168842</integer>
										<key>7</key>
										<integer>1089375144</integer>
										<key>8</key>
										<integer>-1082229705</integer>
									</dict>
									<dict>
										<key>2</key>
										<integer>1</integer>
										<key>3</key>
										<integer>8</integer>
										<key>4</key>
										<integer>0</integer>
										<key>5</key>
										<integer>4</integer>
										<key>6</key>
										<integer>1169906445</integer>
										<key>7</key>
										<integer>1092320018</integer>
										<key>8</key>
										<integer>-1086994832</integer>
									</dict>
									<dict>
										<key>2</key>
										<integer>1</integer>
										<key>3</key>
										<integer>9</integer>
										<key>4</key>
										<integer>0</integer>
										<key>5</key>
										<integer>4</integer>
										<key>6</key>
										<integer>1174300519</integer>
										<key>7</key>
										<integer>1100485297</integer>
										<key>8</key>
										<integer>-1084612268</integer>
									</dict>
									<dict>
										<key>2</key>
										<integer>1</integer>
										<key>3</key>
										<integer>10</integer>
										<key>4</key>
										<integer>0</integer>
										<key>5</key>
										<integer>4</integer>
										<key>6</key>
										<integer>1153948405</integer>
										<key>7</key>
										<integer>1086231536</integer>
										<key>8</key>
										<integer>-1079797505</integer>
									</dict>
								</array>
							</dict>
							<key>PatchbayInfo</key>
							<dict>
								<key>InputPort0</key>
								<dict>
									<key>PortInstance</key>
									<integer>0</integer>
									<key>PortWidth</key>
									<integer>1</integer>
									<key>SourceFuncInstance</key>
									<integer>0</integer>
									<key>SourcePortIndex</key>
									<integer>0</integer>
								</dict>
								<key>InputPort1</key>
								<dict>
									<key>PortInstance</key>
									<integer>1</integer>
									<key>PortWidth</key>
									<integer>1</integer>
									<key>SourceFuncInstance</key>
									<integer>0</integer>
									<key>SourcePortIndex</key>
									<integer>1</integer>
								</dict>
							</dict>
						</dict>
					</dict>
				</dict>
			</dict>
			<key>Outputs</key>
			<array>
				<string>IntSpeaker</string>
				<string>LineOut</string>
				<string>SPDIFOut</string>
			</array>
			<key>PathMapID</key>
			<integer>11</integer>
			<key>SPDIFOut</key>
			<dict/>
		</dict>
	</array>
</dict>
</plist>
