<?xml version="1.0" encoding="UTF-8"?>
<!DOCTYPE plist PUBLIC "-//Apple//DTD PLIST 1.0//EN" "http://www.apple.com/DTDs/PropertyList-1.0.dtd">
<plist version="1.0">
<dict>
	<key>CommonPeripheralDSP</key>
	<array>
		<dict>
			<key>DeviceID</key>
			<integer>0</integer>
			<key>DeviceType</key>
			<string>Headphone</string>
		</dict>
		<dict>
			<key>DeviceID</key>
			<integer>0</integer>
			<key>DeviceType</key>
			<string>Microphone</string>
		</dict>
	</array>
	<key>PathMaps</key>
	<array>
		<dict>
			<key>PathMap</key>
			<array>
				<array>
					<array>
						<array>
							<dict>
								<key>Amp</key>
								<dict>
									<key>Channels</key>
									<array>
										<dict>
											<key>Bind</key>
											<integer>1</integer>
											<key>Channel</key>
											<integer>1</integer>
										</dict>
										<dict>
											<key>Bind</key>
											<integer>2</integer>
											<key>Channel</key>
											<integer>2</integer>
										</dict>
									</array>
									<key>MuteInputAmp</key>
									<true/>
									<key>PublishMute</key>
									<true/>
									<key>PublishVolume</key>
									<true/>
									<key>VolumeInputAmp</key>
									<true/>
								</dict>
								<key>NodeID</key>
								<integer>9</integer>
							</dict>
							<dict>
								<key>NodeID</key>
								<integer>34</integer>
							</dict>
							<dict>
								<key>Boost</key>
								<integer>3</integer>
								<key>NodeID</key>
								<integer>25</integer>
							</dict>
						</array>
					</array>
				</array>
                <array>
                    <array>
                        <array>
                            <dict>
                                <key>Amp</key>
                                <dict>
                                    <key>Channels</key>
                                    <array>
                                        <dict>
                                            <key>Bind</key>
                                            <integer>1</integer>
                                            <key>Channel</key>
                                            <integer>1</integer>
                                        </dict>
                                        <dict>
                                            <key>Bind</key>
                                            <integer>2</integer>
                                            <key>Channel</key>
                                            <integer>2</integer>
                                        </dict>
                                    </array>
                                    <key>MuteInputAmp</key>
                                    <true/>
                                    <key>PublishMute</key>
                                    <true/>
                                    <key>PublishVolume</key>
                                    <true/>
                                    <key>VolumeInputAmp</key>
                                    <true/>
                                </dict>
                                <key>NodeID</key>
                                <integer>8</integer>
                            </dict>
                            <dict>
                                <key>Amp</key>
                                <dict>
                                    <key>Channels</key>
                                    <array>
                                        <dict>
                                            <key>Bind</key>
                                            <integer>1</integer>
                                            <key>Channel</key>
                                            <integer>1</integer>
                                        </dict>
                                        <dict>
                                            <key>Bind</key>
                                            <integer>2</integer>
                                            <key>Channel</key>
                                            <integer>2</integer>
                                        </dict>
                                    </array>
                                    <key>MuteInputAmp</key>
                                    <true/>
                                    <key>PublishMute</key>
                                    <true/>
                                    <key>PublishVolume</key>
                                    <true/>
                                    <key>VolumeInputAmp</key>
                                    <true/>
                                </dict>
                                <key>NodeID</key>
                                <integer>35</integer>
                            </dict>
                            <dict>
                                <key>Boost</key>
                                <integer>3</integer>
                                <key>NodeID</key>
                                <integer>18</integer>
                            </dict>
                        </array>
                    </array>
                </array>
				<array>
					<array>
						<array>
							<dict>
								<key>Amp</key>
								<dict>
									<key>MuteInputAmp</key>
									<true/>
									<key>PublishMute</key>
									<true/>
									<key>PublishVolume</key>
									<true/>
									<key>VolumeInputAmp</key>
									<false/>
								</dict>
								<key>NodeID</key>
								<integer>20</integer>
							</dict>
							<dict>
								<key>Amp</key>
								<dict>
									<key>MuteInputAmp</key>
									<true/>
									<key>PublishMute</key>
									<true/>
									<key>PublishVolume</key>
									<true/>
									<key>VolumeInputAmp</key>
									<false/>
								</dict>
								<key>NodeID</key>
								<integer>12</integer>
							</dict>
							<dict>
								<key>Amp</key>
								<dict>
									<key>Channels</key>
									<array>
										<dict>
											<key>Bind</key>
											<integer>1</integer>
											<key>Channel</key>
											<integer>1</integer>
										</dict>
										<dict>
											<key>Bind</key>
											<integer>2</integer>
											<key>Channel</key>
											<integer>2</integer>
										</dict>
									</array>
									<key>MuteInputAmp</key>
									<true/>
									<key>PublishMute</key>
									<true/>
									<key>PublishVolume</key>
									<true/>
									<key>VolumeInputAmp</key>
									<false/>
								</dict>
								<key>NodeID</key>
								<integer>2</integer>
							</dict>
						</array>
					</array>
					<array>
						<array>
							<dict>
								<key>Amp</key>
								<dict>
									<key>MuteInputAmp</key>
									<true/>
									<key>PublishMute</key>
									<true/>
									<key>PublishVolume</key>
									<true/>
									<key>VolumeInputAmp</key>
									<false/>
								</dict>
								<key>NodeID</key>
								<integer>33</integer>
							</dict>
							<dict>
								<key>Amp</key>
								<dict>
									<key>MuteInputAmp</key>
									<true/>
									<key>PublishMute</key>
									<true/>
									<key>PublishVolume</key>
									<true/>
									<key>VolumeInputAmp</key>
									<false/>
								</dict>
								<key>NodeID</key>
								<integer>13</integer>
							</dict>
							<dict>
								<key>Amp</key>
								<dict>
									<key>Channels</key>
									<array>
										<dict>
											<key>Bind</key>
											<integer>1</integer>
											<key>Channel</key>
											<integer>1</integer>
										</dict>
										<dict>
											<key>Bind</key>
											<integer>2</integer>
											<key>Channel</key>
											<integer>2</integer>
										</dict>
									</array>
									<key>MuteInputAmp</key>
									<true/>
									<key>PublishMute</key>
									<true/>
									<key>PublishVolume</key>
									<true/>
									<key>VolumeInputAmp</key>
									<false/>
								</dict>
								<key>NodeID</key>
								<integer>3</integer>
							</dict>
						</array>
					</array>
				</array>
			</array>
			<key>PathMapID</key>
			<integer>255</integer>
			<key>comment</key>
			<string>HongyuS - Realtek ALC255 for XiaoMiAir 13.3</string>
		</dict>
	</array>
</dict>
</plist>
