<?xml version="1.0" encoding="UTF-8"?>
<!DOCTYPE plist PUBLIC "-//Apple//DTD PLIST 1.0//EN" "http://www.apple.com/DTDs/PropertyList-1.0.dtd">
<plist version="1.0">
<dict>
	<key>LayoutID</key>
	<integer>12</integer>
	<key>PathMapRef</key>
	<array>
		<dict>
			<key>CodecID</key>
			<array>
				<integer>283904137</integer>
			</array>
			<key>Headphone</key>
			<dict/>
			<key>Inputs</key>
			<array>
				<string>LineIn</string>
				<string>Mic</string>
			</array>
			<key>IntSpeaker</key>
			<dict/>
			<key>LineIn</key>
			<dict>
				<key>MuteGPIO</key>
				<integer>1342242841</integer>
				<key>SignalProcessing</key>
				<dict>
					<key>SoftwareDSP</key>
					<dict>
						<key>DspFunction0</key>
						<dict>
							<key>FunctionInfo</key>
							<dict>
								<key>DspFuncInstance</key>
								<integer>0</integer>
								<key>DspFuncName</key>
								<string>DspNoiseReduction</string>
								<key>DspFuncProcessingIndex</key>
								<integer>0</integer>
							</dict>
							<key>ParameterInfo</key>
							<dict>
								<key>1</key>
								<integer>0</integer>
								<key>2</key>
								<integer>0</integer>
								<key>3</key>
								<integer>0</integer>
								<key>4</key>
								<integer>-1111411312</integer>
							</dict>
							<key>PatchbayInfo</key>
							<dict/>
						</dict>
					</dict>
				</dict>
			</dict>
			<key>LineOut</key>
			<dict/>
			<key>Mic</key>
			<dict>
				<key>MuteGPIO</key>
				<integer>1342242840</integer>
				<key>SignalProcessing</key>
				<dict>
					<key>SoftwareDSP</key>
					<dict>
						<key>DspFunction0</key>
						<dict>
							<key>FunctionInfo</key>
							<dict>
								<key>DspFuncInstance</key>
								<integer>0</integer>
								<key>DspFuncName</key>
								<string>DspNoiseReduction</string>
								<key>DspFuncProcessingIndex</key>
								<integer>0</integer>
							</dict>
							<key>ParameterInfo</key>
							<dict>
								<key>1</key>
								<integer>0</integer>
								<key>2</key>
								<integer>0</integer>
								<key>3</key>
								<integer>0</integer>
								<key>4</key>
								<integer>-1111411312</integer>
							</dict>
							<key>PatchbayInfo</key>
							<dict/>
						</dict>
					</dict>
				</dict>
			</dict>
			<key>Outputs</key>
			<array>
				<string>Headphone</string>
				<string>LineOut</string>
				<string>IntSpeaker</string>
				<string>SPDIFOut</string>
			</array>
			<key>PathMapID</key>
			<integer>2</integer>
			<key>SPDIFOut</key>
			<dict/>
		</dict>
	</array>
</dict>
</plist>
